Caption,Hashtags keywords,Impressions
here are some of the most important data visualizations that every financial data analystscientist should know, finance  money  business  investing  investment  trading  stockmarket  data  datascience  dataanalysis  dataanalytics  datascientist  machinelearning  python  pythonprogramming  pythonprojects  pythoncode  artificialintelligence  ai  dataanalyst  amankharwal  thecleverprogrammer,3920
here are some of the best data science project ideas on healthcare if you want to become a data science professional in the healthcare domain then you must try to work on these projects, healthcare  health  covid  data  datascience  dataanalysis  dataanalytics  datascientist  machinelearning  python  pythonprogramming  pythonprojects  pythoncode  artificialintelligence  ai  dataanalyst  amankharwal  thecleverprogrammer,5394
learn how to train a machine learning model and giving inputs to your trained model to make predictions using python, data  datascience  dataanalysis  dataanalytics  datascientist  machinelearning  python  pythonprogramming  pythonprojects  pythoncode  artificialintelligence  ai  deeplearning  machinelearningprojects  datascienceprojects  amankharwal  thecleverprogrammer  machinelearningmodels,4021
heres how you can write a python program to detect whether a sentence is a question or not the idea here is to find the words that we see in the beginning of a question in the beginning of a sentence, python  pythonprogramming  pythonprojects  pythoncode  pythonlearning  pythondeveloper  pythoncoding  pythonprogrammer  amankharwal  thecleverprogrammer  pythonprojects,4528
plotting annotations while visualizing your data is considered good practice to make the graphs selfexplanatory here is an example of how you can annotate a graph using python, datavisualization  datascience  data  dataanalytics  machinelearning  dataanalysis  artificialintelligence  python  datascientist  bigdata  deeplearning  dataviz  ai  analytics  technology  dataanalyst  programming  pythonprogramming  statistics  coding  businessintelligence  datamining  tech  business  computerscience  tableau  database  thecleverprogrammer  amankharwal,2518
here are some of the most important soft skills that every data scientist should have, data  datascience  dataanalysis  dataanalytics  datascientist  machinelearning  python  pythonprogramming  pythonprojects  pythoncode  artificialintelligence  ai  deeplearning  algorithm  algorithms  machinelearningalgorithms  ml  amankharwal  thecleverprogrammer  softskills,3884
learn how to analyze a candlestick chart as a data scientist or a financial analyst i hope this resource will help you to invest and analyze stock markets, stockmarket  investing  stocks  trading  money  investment  finance  forex  datavisualization  datascience  data  dataanalytics  machinelearning  dataanalysis  ai  candlestick  candlestickcharts,2621
here are some of the best books that you can follow to learn python from scratch, python  pythonprogramming  pythonprojects  pythoncode  pythonlearning  pythondeveloper  pythoncoding  pythonprogrammer  amankharwal  thecleverprogrammer  pythonprojects  pythonbooks  bookstagram,3541
here are some of the best data analysis project ideas that you should try and show on your resume these projects will help you to show your data analysis skills, dataanalytics  datascience  data  machinelearning  datavisualization  bigdata  artificialintelligence  datascientist  python  analytics  ai  dataanalysis  deeplearning  technology  programming  coding  dataanalyst  business  pythonprogramming  datamining  tech  businessintelligence  database  computerscience  statistics  powerbi  dataanalysisprojects  businessanalytics  thecleverprogrammer  amankharwal,3749
here are two best ways to count the number of letters in a string using python, python  pythonprogramming  pythonprojects  pythoncode  pythonlearning  pythondeveloper  pythoncoding  pythonprogrammer  amankharwal  thecleverprogrammer  pythonprojects,4115
learn the implementation of alexnet convolutional neural network using python link in bio, neuralnetwork  machinelearning  artificialintelligence  deeplearning  python  ai  datascience  neuralnetworks  programming  tensorflow  datascientist  pythonprogramming  tech  technology  artificialintelligenceai  machinelearningalgorithms  computerscience  coding  ml  data  amankharwal  thecleverprogrammer  alexnet,2218
heres how to get the live stock price data of any company by using the python programming language, python  pythonprogramming  pythonprojects  pythoncode  pythonlearning  pythondeveloper  pythoncoding  pythonprogrammer  amankharwal  thecleverprogrammer  pythonprojects,3234
here are some of the most important python libraries for data science if you know the fundamentals of all these python libraries you can work on any kind of data science problem, data  datascience  dataanalysis  dataanalytics  datascientist  machinelearning  python  pythonprogramming  pythonprojects  pythoncode  artificialintelligence  ai  deeplearning  algorithm  algorithms  machinelearningalgorithms  ml  amankharwal  thecleverprogrammer,4344
heres how to visualize an interactive candlestick chart using python, stockmarket  investing  stocks  trading  money  investment  finance  forex  datavisualization  datascience  data  dataanalytics  machinelearning  dataanalysis  ai  candlestick  candlestickcharts  amankharwal  thecleverprogrammer,3216
omicron variant sentiment analysis using python link in bio, data  datascience  dataanalysis  dataanalytics  datascientist  machinelearning  python  pythonprogramming  pythonprojects  pythoncode  artificialintelligence  ai  deeplearning  sentimentanalysis  sentiment  nlp  naturallanguageprocessing  amankharwal  thecleverprogrammer,9453
in data science time series analysis is a method of analyzing data collected over an interval of time stock price data and covid cases data are examples of timeseries data time series analysis helps understand the underlying causes of trends and patterns at particular time intervals so it is one of the topics that every data scientist should know perfectly so if you are looking for some of the best books to learn time series analysis you can choose any one among these books, timeseries  time  statistics  datascience  bigdata  machinelearning  python  ai  timeseriesanalysis  datavisualization  dataanalytics  data  iot  analysis  timeseriesmalaysia  artificialintelligence  analytics  amankharwal  thecleverprogrammer,5055
here are some of the highest paying skills in  that you should start learning today these skills do not require you to come from a specific education background if you are passionate about learning any of these skills then you can easily find so many free resources on the internet if you dont know how to find free resources to learn these skills feel free to reach me amankharwal i will be happy to guide you, career  job  jobs  jobsearch  education  business  success  careergoals  motivation  work  careerdevelopment  careers  goals  resume  students  careeradvice  datascience  marketing  digitalmarketing  media  socialmedia  it  webdevelopment  amankharwal  thecleverprogrammer,4002
in data science time series analysis is a method of analyzing data collected over an interval of time stock price data and covid cases data are examples of timeseries data time series analysis helps understand the underlying causes of trends and patterns at particular time intervals so it is one of the topics that every data scientist should know perfectly so if you are looking for some of the best data science project ideas on time series analysis you should try to work on these projects, timeseries  time  statistics  datascience  bigdata  machinelearning  python  ai  timeseriesanalysis  datavisualization  dataanalytics  data  iot  analysis  timeseriesmalaysia  artificialintelligence  analytics  amankharwal  thecleverprogrammer,3169
stress anxiety and depression are threatening the mental health of people every person has a reason for having a stressful life people often share their feelings on social media platforms like on instagram in the form of posts and stories and on reddit in the form of asking for suggestions about their life on subreddits in the past few years many content creators have come forward to create content to help people with their mental health many organizations can use stress detection to find which social media users are stressed to help them quickly so if you want to learn how to use machine learning to detect stress on social media posts this data science project is for you detection of stress from social media posts with machine learning using python link in bio, data  datascience  dataanalysis  dataanalytics  datascientist  machinelearning  python  pythonprogramming  pythonprojects  pythoncode  artificialintelligence  ai  deeplearning  machinelearningprojects  datascienceprojects  amankharwal  thecleverprogrammer  machinelearningmodels  stress  stressdetection,6168
data science use cases heres how zomato is using your data for its future business model, data  datascience  dataanalysis  dataanalytics  datascientist  machinelearning  python  pythonprogramming  pythonprojects  pythoncode  artificialintelligence  ai  deeplearning  machinelearningprojects  datascienceprojects  amankharwal  thecleverprogrammer  machinelearningmodels  zomato  business  casestudy  businessmodel,2407
a boxplot is a statistical data visualization technique for analyzing the distribution and patterns of numerical data points of a dataset it represents quartile  quartile  median maximum and minimum data points of a feature which helps to understand the distribution of the numerical values of a dataset heres how to analyze box plots as a data scientist, datavisualization  datascience  data  dataanalytics  machinelearning  dataanalysis  artificialintelligence  python  datascientist  bigdata  deeplearning  dataviz  ai  analytics  technology  dataanalyst  programming  pythonprogramming  statistics  coding  businessintelligence  datamining  tech  business  boxplots  thecleverprogrammer  amankharwal,2064
activation functions are functions used in neural networks for calculating the weighted sum of input and biases its done to determine if a neuron should be activated or not what happens is that the input layer receives the training data for training the neural network the hidden layer is used to do all the calculations which help in finding relationships between the features of the data and then the output layer gives the results which are controlled by the activation functions they are placed after the hidden layers to produce the results for the neural network, neuralnetwork  machinelearning  artificialintelligence  deeplearning  python  ai  datascience  neuralnetworks  programming  tensorflow  datascientist  pythonprogramming  tech  technology  artificialintelligenceai  machinelearningalgorithms  computerscience  coding  ml  data  amankharwal  thecleverprogrammer,3973
learn how to send automatic emails using the python programming language link in bio, python  pythonprogramming  pythonprojects  pythoncode  pythonlearning  pythondeveloper  pythoncoding  pythonprogrammer  amankharwal  thecleverprogrammer  pythonprojects,7281
here are all the programming languages that google uses in the frontend and the backend of google, programming  coding  programmer  python  developer  javascript  technology  code  coder  java  html  computerscience  tech  css  webdeveloper  software  webdevelopment  codinglife  softwaredeveloper  linux  programmingmemes  webdesign  programmers  php  programminglife  machinelearning  hacking  pythonprogramming  thecleverprogrammer  amankharwal,3052
deep learning is a subset of machine learning if you want to become a machine learning engineer you should know everything about deep learning if you are looking for some of the best free resources to learn deep learning then here are the two best free resources to learn deep learning, deeplearning  machinelearning  artificialintelligence  datascience  ai  python  coding  technology  programming  bigdata  dataanalytics  datascientist  data  computerscience  tech  neuralnetwork  amankharwal  thecleverprogrammer,4628
deep learning is a subset of machine learning in which we use artificial neural networks to train models to solve complex problems where we need a large amount of data compared to other machine learning algorithms here are some of the best deep learning project ideas that you must try, deeplearning  machinelearning  artificialintelligence  datascience  ai  python  coding  technology  programming  bigdata  dataanalytics  datascientist  data  computerscience  tech  neuralnetwork  amankharwal  thecleverprogrammer,4082
you must have heard or invested in any cryptocurrency once in your life it is a digital medium of exchange that is encrypted and decentralized if you want to know how to predict the future prices of any cryptocurrency with machine learning this will help you here you will learn how to predict the future prices of bitcoin with machine learning using python, data  datascience  dataanalysis  dataanalytics  datascientist  machinelearning  python  pythonprogramming  pythonprojects  pythoncode  artificialintelligence  ai  deeplearning  machinelearningprojects  datascienceprojects  amankharwal  thecleverprogrammer  bitcoin  cryptocurrency,5394
here are all the programming languages that facebook uses in the frontend and the backend of facebook, programming  coding  programmer  python  developer  javascript  technology  code  coder  java  html  computerscience  tech  css  webdeveloper  software  webdevelopment  codinglife  softwaredeveloper  linux  programmingmemes  webdesign  programmers  php  programminglife  machinelearning  hacking  pythonprogramming  thecleverprogrammer  amankharwal,2766
here are some of the most popular data science case studies and projects that every data science beginner should try you can find these case studies and projects with solutions at kaggle, data  datascience  dataanalysis  dataanalytics  datascientist  machinelearning  python  pythonprogramming  pythonprojects  pythoncode  artificialintelligence  ai  deeplearning  algorithm  algorithms  machinelearningalgorithms  ml  amankharwal  thecleverprogrammer  projects  casestudies,3924
heres how amazon uses your data as an ecommerce platform i hope this post will help you to understand how amazon is using data science to improve the quality of its services, data  datascience  dataanalysis  dataanalytics  datascientist  machinelearning  python  pythonprogramming  pythonprojects  pythoncode  artificialintelligence  ai  deeplearning  machinelearningprojects  datascienceprojects  amankharwal  thecleverprogrammer  machinelearningmodels  zomato  business  casestudy  businessmodel  amazonfinds,3015
google search analysis is one of the best data analysis project ideas for someone who wants to work as a data analyst in marketing here your task is to analyze the search trends on google you can learn how to analyze the google search trends by visiting the link in bio, data  datascience  dataanalysis  dataanalytics  datascientist  machinelearning  python  pythonprogramming  pythonprojects  pythoncode  artificialintelligence  ai  deeplearning  machinelearningprojects  datascienceprojects  amankharwal  thecleverprogrammer,6666
here are all the databases that google uses, data  technology  datascience  business  tech  bigdata  dataanalytics  machinelearning  ai  analytics  datavisualization  security  artificialintelligence  cybersecurity  programming  python  software  coding  network  internet  cloud  dataanalysis  innovation  datascientist  database  amankharwal  thecleverprogrammer  google,3854
here are some of the popular programming languages with their uses, programming  coding  programmer  python  developer  javascript  technology  code  coder  java  html  computerscience  tech  css  webdeveloper  software  webdevelopment  codinglife  softwaredeveloper  linux  programmingmemes  webdesign  programmers  php  programminglife  machinelearning  hacking  pythonprogramming  thecleverprogrammer  amankharwal,4355
natural language processing or nlp is a subfield of artificial intelligence where we build applications to interact with humans here is the complete process that you should follow while working on every problem based on natural language processing, data  datascience  dataanalysis  dataanalytics  datascientist  machinelearning  python  pythonprogramming  pythonprojects  pythoncode  artificialintelligence  ai  deeplearning  sentimentanalysis  sentiment  nlp  naturallanguageprocessing  amankharwal  thecleverprogrammer,4343
lstm stands for long short term memory networks it is a type of recurrent neural network that is commonly used for regression and time series forecasting in machine learning here you will learn how to use the lstm neural network for the task of stock price prediction using python, neuralnetwork  machinelearning  artificialintelligence  deeplearning  python  ai  datascience  neuralnetworks  programming  tensorflow  datascientist  pythonprogramming  tech  technology  artificialintelligenceai  machinelearningalgorithms  computerscience  coding  ml  data  amankharwal  thecleverprogrammer,6108
tokenization is the first step you should perform after collecting a textual dataset in every problem based on natural language processing sentence and word tokenization are two different strategies of tokenization that you should know, data  datascience  dataanalysis  dataanalytics  datascientist  machinelearning  python  pythonprogramming  pythonprojects  pythoncode  artificialintelligence  ai  deeplearning  sentimentanalysis  sentiment  nlp  naturallanguageprocessing  amankharwal  thecleverprogrammer,2523
here are all the databases that are used by facebook, data  technology  datascience  business  tech  bigdata  dataanalytics  machinelearning  ai  analytics  datavisualization  security  artificialintelligence  cybersecurity  programming  python  software  coding  network  internet  cloud  dataanalysis  innovation  datascientist  database  amankharwal  thecleverprogrammer  facebook,2327
here are some of the best data science project ideas on natural language processing that you should try, data  datascience  dataanalysis  dataanalytics  datascientist  machinelearning  python  pythonprogramming  pythonprojects  pythoncode  artificialintelligence  ai  deeplearning  sentimentanalysis  sentiment  nlp  naturallanguageprocessing  amankharwal  thecleverprogrammer,3990
language detection is a natural language processing task where we need to identify the language of a text or document here you will learn how to train a machine learning model for language detection using python, data  datascience  dataanalysis  dataanalytics  datascientist  machinelearning  python  pythonprogramming  pythonprojects  pythoncode  artificialintelligence  ai  deeplearning  sentimentanalysis  sentiment  nlp  naturallanguageprocessing  amankharwal  thecleverprogrammer,2191
a neural network is a computational structure that connects an input layer to an output layer heres how a neural network works, neuralnetwork  machinelearning  artificialintelligence  deeplearning  python  ai  datascience  neuralnetworks  programming  tensorflow  datascientist  pythonprogramming  tech  technology  artificialintelligenceai  machinelearningalgorithms  computerscience  coding  ml  data  amankharwal  thecleverprogrammer,1941
 machine learning projects solved  explained using python programming language link in bio, data  datascience  dataanalysis  dataanalytics  datascientist  machinelearning  python  pythonprogramming  pythonprojects  pythoncode  artificialintelligence  ai  deeplearning  machinelearningprojects  datascienceprojects  amankharwal  thecleverprogrammer,16062
here is how you can prepare yourself for your very first data science interview, data  datascience  dataanalysis  dataanalytics  datascientist  machinelearning  python  pythonprogramming  pythonprojects  pythoncode  artificialintelligence  ai  deeplearning  machinelearningprojects  datascienceprojects  amankharwal  thecleverprogrammer  interview  datascienceinterview,4998
here is the difference between the process of deep learning and machine learning, data  datascience  dataanalysis  dataanalytics  datascientist  machinelearning  python  pythonprogramming  pythonprojects  pythoncode  artificialintelligence  ai  deeplearning  machinelearningprojects  datascienceprojects  amankharwal  thecleverprogrammer  interview  neuralnetworks,4289
each company has its ways of creating an otp for verification but most of the companies have their systems programmed to generate a digit random number so here you will learn the complete process of otp verification using python, python  pythonprogramming  pythonprojects  pythoncode  pythonlearning  pythondeveloper  pythoncoding  pythonprogrammer  amankharwal  thecleverprogrammer  pythonprojects  otp  otpverification,3880
heres how you can create a qr code by using the python programming language, python  pythonprogramming  pythonprojects  pythoncode  pythonlearning  pythondeveloper  pythoncoding  pythonprogrammer  amankharwal  thecleverprogrammer  pythonprojects  qrcodes,3786
here are some of the best python project ideas for resume that you can work on as a python developer, python  pythonprogramming  pythonprojects  pythoncode  pythonlearning  pythondeveloper  pythoncoding  pythonprogrammer  amankharwal  thecleverprogrammer  pythonprojects,4298
here are some of the best data analysis project ideas for resume that you should try, data  datascience  dataanalysis  dataanalytics  datascientist  machinelearning  python  pythonprogramming  pythonprojects  pythoncode  artificialintelligence  ai  deeplearning  machinelearningprojects  datascienceprojects  amankharwal  thecleverprogrammer,3630
visualizing data is one of the most valuable skills every data scientist and analyst should have there are a lot of data visualizations to learn in data science here you will find a list of all data visualizations for data science explained using python, dataanalytics  datascience  data  machinelearning  datavisualization  bigdata  artificialintelligence  datascientist  python  analytics  ai  dataanalysis  deeplearning  technology  programming  coding  dataanalyst  business  pythonprogramming  datamining  tech  businessintelligence  database  computerscience  statistics  powerbi  dataanalysisprojects  businessanalytics  thecleverprogrammer  amankharwal,2826
here are some of the most important machine learning algorithms that every beginner in machine learning should know, data  datascience  dataanalysis  dataanalytics  datascientist  machinelearning  python  pythonprogramming  pythonprojects  pythoncode  artificialintelligence  ai  deeplearning  machinelearningprojects  datascienceprojects  amankharwal  thecleverprogrammer,7407
here are some of the best websites that you can follow to learn everything in data science, data  datascience  dataanalysis  dataanalytics  datascientist  machinelearning  python  pythonprogramming  pythonprojects  pythoncode  artificialintelligence  ai  deeplearning  machinelearningprojects  datascienceprojects  amankharwal  thecleverprogrammer,10386
time series analysis means analyzing and finding patterns in a time series dataset a timeseries dataset is a sequence of data collected over an interval of time here you will learn how to do time series analysis using python, timeseries  time  statistics  datascience  bigdata  machinelearning  python  ai  timeseriesanalysis  datavisualization  dataanalytics  data  iot  analysis  timeseriesmalaysia  artificialintelligence  analytics  amankharwal  thecleverprogrammer,2998
here are some of the best data sources that you can use to collect data for your data science projects, data  datascience  dataanalysis  dataanalytics  datascientist  machinelearning  python  pythonprogramming  pythonprojects  pythoncode  artificialintelligence  ai  deeplearning  machinelearningprojects  datascienceprojects  amankharwal  thecleverprogrammer,7018
one of the mistakes data science newbies make while working on a machine learning project is that they train a machine learning model check its accuracy score and then complete the project they do not test the performance of the model by giving inputs to the model based on the features they used to train it here you will learn how to give inputs to a machine learning model to test its performance, data  datascience  dataanalysis  dataanalytics  datascientist  machinelearning  python  pythonprogramming  pythonprojects  pythoncode  artificialintelligence  ai  deeplearning  machinelearningprojects  datascienceprojects  amankharwal  thecleverprogrammer,2941
here are some of the best data science project ideas for resume that you should try in , data  datascience  dataanalysis  dataanalytics  datascientist  machinelearning  python  pythonprogramming  pythonprojects  pythoncode  artificialintelligence  ai  deeplearning  machinelearningprojects  datascienceprojects  amankharwal  thecleverprogrammer,6432
 python projects with source code solved and explained for free link in bio, python  pythonprogramming  pythonprojects  pythoncode  pythonlearning  pythondeveloper  pythoncoding  pythonprogrammer  amankharwal  thecleverprogrammer  pythonprojects,10667
here are some of the most important data visualizations that every data scientist must know, datavisualization  datascience  data  dataanalytics  machinelearning  dataanalysis  artificialintelligence  python  datascientist  bigdata  deeplearning  dataviz  ai  analytics  technology  dataanalyst  programming  pythonprogramming  statistics  coding  businessintelligence  datamining  tech  business  computerscience  tableau  database  bigdataanalytics  powerbi,3988
here are some of the best data science projects ideas based on recommendation systems that you should try, recommended  recommendations  recommendationsystem  recommendation  data  datascience  dataanalysis  dataanalytics  datascientist  machinelearning  python  pythonprogramming  pythonprojects  pythoncode  artificialintelligence  ai  amankharwal  thecleverprogrammer,4978
variance covariance and correlation are statistical measures for finding the relationship between data points in a dataset heres the difference between variance covariance and correlation that you should know, datavisualization  datascience  data  dataanalytics  machinelearning  dataanalysis  artificialintelligence  python  datascientist  bigdata  deeplearning  dataviz  ai  analytics  technology  dataanalyst  programming  pythonprogramming  statistics  amankharwal  thecleverprogrammer,3388
here are some of the popular applications of data science in finance, data  datascience  dataanalysis  dataanalytics  datascientist  machinelearning  python  pythonprogramming  pythonprojects  pythoncode  artificialintelligence  ai  deeplearning  machinelearningprojects  datascienceprojects  amankharwal  thecleverprogrammer  finance  business  money  investing,4467
here are some of the best websites to prepare for coding interviews, coding  programming  programmer  python  developer  javascript  code  coder  technology  html  computerscience  codinglife  java  webdeveloper  tech  css  webdevelopment  software  softwaredeveloper  interview  job  codinginterview  amankharwal  thecleverprogrammer,3246
the introduction of online payment systems has helped a lot in the ease of payments but at the same time it increased in payment frauds here you will learn how to detect online payment frauds with machine learning using python, data  datascience  dataanalysis  dataanalytics  datascientist  machinelearning  python  pythonprogramming  pythonprojects  pythoncode  artificialintelligence  ai  deeplearning  machinelearningprojects  datascienceprojects  amankharwal  thecleverprogrammer,5072
here are some of the best data science project ideas on healthcare if you want to become a data science professional in the healthcare domain then you must try to work on these projects, healthcare  health  covid  data  datascience  dataanalysis  dataanalytics  datascientist  machinelearning  python  pythonprogramming  pythonprojects  pythoncode  artificialintelligence  ai  dataanalyst  amankharwal  thecleverprogrammer,6339
here are some of the most important tools that i use daily as a data scientistanalyst, data  datascience  dataanalysis  dataanalytics  datascientist  machinelearning  python  pythonprogramming  pythonprojects  pythoncode  artificialintelligence  ai  deeplearning  machinelearningprojects  datascienceprojects  amankharwal  thecleverprogrammer,4239
here you will learn how to visualize the linear regression algorithm in machine learning using python find this complete tutorial from the link in bio, data  datascience  dataanalysis  dataanalytics  datascientist  machinelearning  python  pythonprogramming  pythonprojects  pythoncode  artificialintelligence  ai  deeplearning  algorithm  algorithms  machinelearningalgorithms  amankharwal  thecleverprogrammer,3454
here are some of the very useful python scripts that you can use to solve realtime problems in your projects, python  pythonprogramming  pythonprojects  pythoncode  pythonlearning  pythondeveloper  pythoncoding  pythonprogrammer  amankharwal  thecleverprogrammer,7571
if you want to know how to predict the future prices of any cryptocurrency with machine learning this will help you here you will learn how to predict the future prices of bitcoin with machine learning using python, data  datascience  dataanalysis  dataanalytics  datascientist  machinelearning  python  pythonprogramming  pythonprojects  pythoncode  artificialintelligence  ai  deeplearning  machinelearningprojects  datascienceprojects  amankharwal  thecleverprogrammer  bitcoin  cryptocurrency,3333
to calculate the execution time of the program we need to calculate the time taken by the program from its initiation to the final result heres how to calculate the execution time of a python program, python  pythonprogramming  pythonprojects  pythoncode  pythonlearning  pythondeveloper  pythoncoding  pythonprogrammer  amankharwal  thecleverprogrammer,3818
 python projects with source code solved and explained for free link in bio, python  pythonprogramming  pythonprojects  pythoncode  pythonlearning  pythondeveloper  pythoncoding  pythonprogrammer  amankharwal  thecleverprogrammer  pythonprojects,10933
here are some of the best data science projects ideas based on recommendation systems that you should try, recommended  recommendations  recommendationsystem  recommendation  data  datascience  dataanalysis  dataanalytics  datascientist  machinelearning  python  pythonprogramming  pythonprojects  pythoncode  artificialintelligence  ai  amankharwal  thecleverprogrammer,5058
one of the most popular use cases of data science is the task of sentiment analysis of product reviews sold on ecommerce platforms here you will learn how to analyze the sentiments of flipkart reviews using python, data  datascience  dataanalysis  dataanalytics  datascientist  machinelearning  python  pythonprogramming  pythonprojects  pythoncode  artificialintelligence  ai  deeplearning  sentimentanalysis  sentiment  nlp  naturallanguageprocessing  amankharwal  thecleverprogrammer  flipkart,3601
variance covariance and correlation are statistical measures for finding the relationship between data points in a dataset heres the difference between variance covariance and correlation that you should know, datavisualization  datascience  data  dataanalytics  machinelearning  dataanalysis  artificialintelligence  python  datascientist  bigdata  deeplearning  dataviz  ai  analytics  technology  dataanalyst  programming  pythonprogramming  statistics  amankharwal  thecleverprogrammer,3480
you must have seen the news divided into categories when you go to a news website here you will learn how to classify news articles with machine learning using python, data  datascience  dataanalysis  dataanalytics  datascientist  machinelearning  python  pythonprogramming  pythonprojects  pythoncode  artificialintelligence  ai  deeplearning  machinelearningprojects  datascienceprojects  amankharwal  thecleverprogrammer  news,3525
here are some of the best websites to prepare for coding interviews, coding  programming  programmer  python  developer  javascript  code  coder  technology  html  computerscience  codinglife  java  webdeveloper  tech  css  webdevelopment  software  softwaredeveloper  interview  job  codinginterview  amankharwal  thecleverprogrammer,3606
the introduction of online payment systems has helped a lot in the ease of payments but at the same time it increased in payment frauds here you will learn how to detect online payment frauds with machine learning using python, data  datascience  dataanalysis  dataanalytics  datascientist  machinelearning  python  pythonprogramming  pythonprojects  pythoncode  artificialintelligence  ai  deeplearning  machinelearningprojects  datascienceprojects  amankharwal  thecleverprogrammer,5542
here are some of the best data science project ideas on healthcare if you want to become a data science professional in the healthcare domain then you must try to work on these projects, healthcare  health  covid  data  datascience  dataanalysis  dataanalytics  datascientist  machinelearning  python  pythonprogramming  pythonprojects  pythoncode  artificialintelligence  ai  dataanalyst  amankharwal  thecleverprogrammer,6559
learn how to create an interactive language translator using python link in bio, python  pythonprogramming  pythonprojects  pythoncode  pythonlearning  pythondeveloper  pythoncoding  pythonprogrammer  amankharwal  thecleverprogrammer  naturallanguageprocessing  nlp,3623
here is a list of  machine learning algorithms and models explained using python that will help you to understand the implementation of all the machine learning algorithms and models in solving realtime business problems you can find this list of  machine learning algorithms and models from the link in bio, data  datascience  dataanalysis  dataanalytics  datascientist  machinelearning  python  pythonprogramming  pythonprojects  pythoncode  artificialintelligence  ai  deeplearning  algorithm  algorithms  machinelearningalgorithms  amankharwal  thecleverprogrammer,10493
here are some of the best youtube channels that you can follow to learn data science, data  datascience  dataanalysis  dataanalytics  datascientist  machinelearning  python  pythonprogramming  pythonprojects  pythoncode  artificialintelligence  ai  deeplearning  machinelearningprojects  datascienceprojects  amankharwal  thecleverprogrammer,4446
python program to count the number of capital letters from a file, python  pythonprogramming  pythonprojects  pythoncode  pythonlearning  pythondeveloper  pythoncoding  pythonprogrammer  amankharwal  thecleverprogrammer  pythonprogram codergallery,2957
follow these steps to collect your whatsapp chat data for a data science project you can use your whatsapp chat data for text analysis sentiment analysis and many more tasks based on natural language processing, data  datascience  dataanalysis  dataanalytics  datascientist  machinelearning  python  pythonprogramming  pythonprojects  pythoncode  artificialintelligence  ai  deeplearning  machinelearningprojects  datascienceprojects  amankharwal  thecleverprogrammer  whatsapp,5538
here are some of the best resources on the internet to learn machine learning for free, data  datascience  dataanalysis  dataanalytics  datascientist  machinelearning  python  pythonprogramming  pythonprojects  pythoncode  artificialintelligence  ai  deeplearning  machinelearningprojects  datascienceprojects  amankharwal  thecleverprogrammer,4681
here is a complete roadmap to data science that you can follow to learn data science from scratch all the resources to learn from are also mentioned here swipe save and share, data  datascience  dataanalysis  dataanalytics  datascientist  machinelearning  python  pythonprogramming  pythonprojects  pythoncode  artificialintelligence  ai  deeplearning  machinelearningprojects  datascienceprojects  amankharwal  thecleverprogrammer  roadmap,5273
here is a complete roadmap to data science that you can follow to learn data science from scratch all the resources to learn from are also mentioned here swipe save and share, data  datascience  dataanalysis  dataanalytics  datascientist  machinelearning  python  pythonprogramming  pythonprojects  pythoncode  artificialintelligence  ai  deeplearning  machinelearningprojects  datascienceprojects  amankharwal  thecleverprogrammer  roadmap,5409
if you are looking for some trending and unique topics for working on a data science project then here are some data science project ideas based on trending and unique topics that you can try, data  datascience  dataanalysis  dataanalytics  datascientist  machinelearning  python  pythonprogramming  pythonprojects  pythoncode  artificialintelligence  ai  deeplearning  machinelearningprojects  datascienceprojects  amankharwal  thecleverprogrammer,5323
many countries are supporting ukraine by introducing economic sanctions on russia there are a lot of tweets about the ukraine and russia war where people tend to update about the ground truths what they feel about it and who they are supporting here you will learn to analyze the sentiments of people over the ukraine and russian war learn how to perform twitter sentiment analysis on ukraine and russia war using python from the link in bio, data  datascience  dataanalysis  dataanalytics  datascientist  machinelearning  python  pythonprogramming  pythonprojects  pythoncode  artificialintelligence  ai  deeplearning  sentimentanalysis  sentiment  nlp  naturallanguageprocessing  amankharwal  thecleverprogrammer  ukraine,8001
each company has its ways of creating an otp for verification but most of the companies have their systems programmed to generate a digit random number so here you will learn the complete process of otp verification using python, python  pythonprogramming  pythonprojects  pythoncode  pythonlearning  pythondeveloper  pythoncoding  pythonprogrammer  amankharwal  thecleverprogrammer  pythonprojects  otp  otpverification,4150
here are the real world applications of python in the industry, python  pythonprogramming  pythonprojects  pythoncode  pythonlearning  pythondeveloper  pythoncoding  pythonprogrammer  amankharwal  thecleverprogrammer  coding  programming  computerscience  datascience  webdevelopment  machinelearning,4609
if you are a data science student you must have found it hard to choose a topic for creating your first data science project as a beginner some universities give a list that you can choose from while some universities give complete freedom to the students to choose any topic so how should you choose a topic for a data science project here is a complete guide on how to choose a topic for a data science project, data  datascience  dataanalysis  dataanalytics  datascientist  machinelearning  python  pythonprogramming  pythonprojects  pythoncode  artificialintelligence  ai  deeplearning  machinelearningprojects  datascienceprojects  amankharwal  thecleverprogrammer,6348
here are some of the best data science project ideas based on social media that you should try in , data  datascience  dataanalysis  dataanalytics  datascientist  machinelearning  python  pythonprogramming  pythonprojects  pythoncode  artificialintelligence  ai  deeplearning  machinelearningprojects  datascienceprojects  amankharwal  thecleverprogrammer,11068
i have been researching instagram reach for a long time now every time i post on my instagram account i collect data on how well the post reach after a week that helps in understanding how instagrams algorithm is working here you will learn how to perform instagram reach analysis and predict the reach of your instagram posts with machine learning using python, data  datascience  dataanalysis  dataanalytics  datascientist  machinelearning  python  pythonprogramming  pythonprojects  pythoncode  artificialintelligence  ai  deeplearning  machinelearningprojects  datascienceprojects  amankharwal  thecleverprogrammer  instagram  instagramreach,7231
here is a list of  machine learning algorithms and models explained using python that will help you to understand the implementation of all the machine learning algorithms and models in solving realtime business problems you can find this list of  machine learning algorithms and models from the link in bio, machinelearning  machinelearningalgorithms  datascience  dataanalysis  dataanalytics  datascientist  python  pythonprogramming  pythonprojects  pythoncode  artificialintelligence  ai  deeplearning  algorithm  algorithms  amankharwal  thecleverprogrammer,17396
here are some of the best websites that you can follow to learn everything in data science, datascience  datasciencejobs  datasciencetraining  datascienceeducation  datasciencecourse  data  dataanalysis  dataanalytics  datascientist  machinelearning  artificialintelligence  ai  deeplearning  machinelearningprojects  datascienceprojects  amankharwal  thecleverprogrammer,6814
here are some of the best resources to learn sql for data science, sql  mysql  datascience  datasciencejobs  datasciencetraining  datascienceeducation  datasciencecourse  data  dataanalysis  dataanalytics  datascientist  machinelearning  artificialintelligence  ai  deeplearning  machinelearningprojects  datascienceprojects  amankharwal  thecleverprogrammer,17713
here are the best python libraries for data visualization that you should learn for data science, datavisualization  datascience  datasciencejobs  datasciencetraining  datascienceeducation  datasciencecourse  data  dataanalysis  dataanalytics  datascientist  machinelearning  artificialintelligence  ai  deeplearning  machinelearningprojects  datascienceprojects  amankharwal  thecleverprogrammer,5563
learn how to create an interactive language translator using the python programming language, python  pythonprogramming  pythoncode  pythonlearning  pythondeveloper  pythonprogrammer  pythonprojects  python  pythoncoding  pythonprogramminglanguage  amankharwal  thecleverprogrammer  nlp  naturallanguageprocessing,4842
python is one of the best programming languages for numerical calculations so you should know how to calculate mean median and mode using python without using any builtin python library or module heres how to calculate mean median and mode using python, python  pythonprogramming  pythoncode  pythonlearning  pythondeveloper  pythonprogrammer  pythonprojects  python  pythoncoding  pythonprogramminglanguage  amankharwal  thecleverprogrammer,11149
practice these  data science projects for beginners solved  explained using python find all these projects from the link in bio, datascience  datasciencejobs  datasciencetraining  datascienceeducation  datasciencecourse  data  dataanalysis  dataanalytics  datascientist  machinelearning  artificialintelligence  ai  deeplearning  machinelearningprojects  datascienceprojects  amankharwal  thecleverprogrammer,10206
here are some of the best data science certifications that you can choose from in , datascience  datasciencejobs  datasciencetraining  datascienceeducation  datasciencecourse  data  dataanalysis  dataanalytics  datascientist  machinelearning  artificialintelligence  ai  deeplearning  machinelearningprojects  datascienceprojects  amankharwal  thecleverprogrammer,13700
clustering is a machine learning technique used to classify data points charaterized by some specific features into groups it is an unsupervised machine learning method where the data we deal with is not labelled here are some of the best machine learning project ideas on clustering that you should try, machinelearning  machinelearningalgorithms  datascience  dataanalysis  dataanalytics  datascientist  python  pythonprogramming  pythonprojects  pythoncode  artificialintelligence  ai  deeplearning  algorithm  algorithms  amankharwal  thecleverprogrammer  clustering,5731
clustering music genres is a task of grouping music based on the similarities in their audio characteristics here you will learn how to do clustering analysis of music genres with machine learning using python, machinelearning  machinelearningalgorithms  datascience  dataanalysis  dataanalytics  datascientist  python  pythonprogramming  pythonprojects  pythoncode  artificialintelligence  ai  deeplearning  algorithm  algorithms  amankharwal  thecleverprogrammer  clustering,4139
here are some of the best data science certifications that you can choose from in , datascience  datasciencejobs  datasciencetraining  datascienceeducation  datasciencecourse  data  dataanalysis  dataanalytics  datascientist  machinelearning  artificialintelligence  ai  deeplearning  machinelearningprojects  datascienceprojects  amankharwal  thecleverprogrammer,32695
 python projects with source code solved and explained for free link in bio, python  pythonprogramming  pythonprojects  pythoncode  pythonlearning  pythondeveloper  pythoncoding  pythonprogrammer  amankharwal  thecleverprogrammer  pythonprojects,36919
